{
    "absoluteImportance": {
        "rang_investisseur": 460.76375979267186,
        "client_id": 0.2916531370456822,
        "nbre_contrat_investi": 11.10199302590816
    }
}