{
    "per_feature": {
        "total_investi": {
            "stats": {}
        },
        "rang_investisseur": {
            "stats": {
                "min": 1.0,
                "average": 173.5,
                "median": 173.5,
                "max": 346.0,
                "p99": 342.55,
                "std": 100.02582999738951
            },
            "missing_impute_with_value": 173.5
        },
        "nom": {
            "stats": {}
        },
        "prenom": {
            "stats": {}
        },
        "client_id": {
            "stats": {
                "min": 1.0,
                "average": 251.35838150289018,
                "median": 250.0,
                "max": 500.0,
                "p99": 493.20000000000005,
                "std": 143.0183079462474
            },
            "missing_impute_with_value": 250.0
        },
        "nbre_contrat_investi": {
            "stats": {
                "min": 1.0,
                "average": 1.722543352601156,
                "median": 1.0,
                "max": 6.0,
                "p99": 4.550000000000011,
                "std": 0.9438806143030668
            },
            "missing_impute_with_value": 1.722543352601156
        }
    },
    "feature_order": [
        "total_investi",
        "rang_investisseur",
        "nom",
        "prenom",
        "client_id",
        "nbre_contrat_investi"
    ]
}