{
    "absoluteImportance": {
        "rang_investisseur": 467.0651473655755,
        "client_id": 2.090214,
        "nbre_contrat_investi": 2.8340025238095143
    }
}