{
    "tree": {
        "leftChild": [
            1,
            2,
            3,
            4,
            -1,
            -1,
            7,
            8,
            -1,
            -1,
            11,
            -1,
            -1,
            14,
            15,
            16,
            -1,
            -1,
            19,
            -1,
            -1,
            22,
            23,
            -1,
            -1,
            26,
            -1,
            -1,
            29,
            30,
            31,
            32,
            -1,
            -1,
            35,
            -1,
            -1,
            38,
            39,
            -1,
            -1,
            42,
            -1,
            -1,
            45,
            46,
            47,
            -1,
            -1,
            50,
            -1,
            -1,
            53,
            54,
            -1,
            -1,
            57,
            -1,
            -1
        ],
        "rightChild": [
            28,
            13,
            6,
            5,
            -1,
            -1,
            10,
            9,
            -1,
            -1,
            12,
            -1,
            -1,
            21,
            18,
            17,
            -1,
            -1,
            20,
            -1,
            -1,
            25,
            24,
            -1,
            -1,
            27,
            -1,
            -1,
            44,
            37,
            34,
            33,
            -1,
            -1,
            36,
            -1,
            -1,
            41,
            40,
            -1,
            -1,
            43,
            -1,
            -1,
            52,
            49,
            48,
            -1,
            -1,
            51,
            -1,
            -1,
            56,
            55,
            -1,
            -1,
            58,
            -1,
            -1
        ],
        "impurity": [
            410813.11489884474,
            259446.0660625766,
            217240.9526710054,
            337113.7782249972,
            0.0,
            -7.450580596923828e-09,
            33307.29356927052,
            14945.589151481166,
            5001.314600002021,
            3223.3482640003785,
            6839.175914046355,
            2023.8543805563822,
            1665.8006240017712,
            48061.41627100296,
            10508.489648639224,
            2627.8691537193954,
            546.0100639993325,
            849.335313889198,
            2972.520280100405,
            406.21848163288087,
            942.4718489791267,
            12766.905773388455,
            3489.1600348739885,
            1105.7602239991538,
            506.8340734378435,
            3860.2346581332386,
            895.0238610010128,
            117.25250612245873,
            85756.22971995687,
            23557.979776935885,
            9376.456312448834,
            1785.7150115552358,
            233.7582687495742,
            674.1744693880901,
            1784.2641108395765,
            438.61555357126053,
            422.7031666674884,
            6158.227740234346,
            1446.61691184761,
            298.5212691358756,
            489.2047317705583,
            1403.8988531850046,
            258.124512109498,
            441.09865805791924,
            23252.664336039525,
            4937.398913677898,
            1186.3198712579906,
            255.45737773436122,
            278.7124830450339,
            1585.4105614514556,
            260.47744214875274,
            487.3307562326954,
            5678.683306693507,
            1201.5531493877352,
            506.48658200695354,
            196.17773950615083,
            864.2718817708756,
            53.64552499999991,
            310.95151274999535
        ],
        "threshold": [
            86.50000119963518,
            26.49999904596774,
            2.4999993769015987,
            216.0000024107224,
            -2.0,
            -2.0,
            15.500000191313092,
            5.500002316536893,
            -2.0,
            -2.0,
            21.500000108579655,
            -2.0,
            -2.0,
            51.49999969491233,
            37.49999790062239,
            31.499997983355854,
            -2.0,
            -2.0,
            44.499998797767375,
            -2.0,
            -2.0,
            69.49999944671195,
            61.499997569688546,
            -2.0,
            -2.0,
            -1.961749017238617,
            -2.0,
            -2.0,
            213.50000044211095,
            133.49999955788905,
            101.49999801179949,
            94.50000009565655,
            -2.0,
            -2.0,
            115.49999980608945,
            -2.0,
            -2.0,
            175.5000000034743,
            151.5000000549392,
            -2.0,
            -2.0,
            191.4999997517996,
            -2.0,
            -2.0,
            287.49999842806426,
            246.4999999870769,
            229.49999823415368,
            -2.0,
            -2.0,
            268.50000067738824,
            -2.0,
            -2.0,
            322.4999969517851,
            304.5000031619895,
            -2.0,
            -2.0,
            326.50000087129877,
            -2.0,
            -2.0
        ],
        "nSamples": [
            346,
            86,
            26,
            2,
            1,
            1,
            24,
            13,
            3,
            10,
            11,
            6,
            5,
            60,
            25,
            11,
            5,
            6,
            14,
            7,
            7,
            35,
            18,
            10,
            8,
            17,
            10,
            7,
            260,
            127,
            47,
            15,
            8,
            7,
            32,
            14,
            18,
            80,
            42,
            18,
            24,
            38,
            16,
            22,
            133,
            74,
            33,
            16,
            17,
            41,
            22,
            19,
            59,
            35,
            17,
            18,
            24,
            4,
            20
        ],
        "feature": [
            0,
            0,
            0,
            1,
            -2,
            -2,
            0,
            0,
            -2,
            -2,
            0,
            -2,
            -2,
            0,
            0,
            0,
            -2,
            -2,
            0,
            -2,
            -2,
            0,
            0,
            -2,
            -2,
            3,
            -2,
            -2,
            0,
            0,
            0,
            0,
            -2,
            -2,
            0,
            -2,
            -2,
            0,
            0,
            -2,
            -2,
            0,
            -2,
            -2,
            0,
            0,
            0,
            -2,
            -2,
            0,
            -2,
            -2,
            0,
            0,
            -2,
            -2,
            0,
            -2,
            -2
        ],