{
    "column_1": [
        "rang_investisseur"
    ],
    "column_2": [
        "nbre_contrat_investi"
    ],
    "rescale": [
        true
    ],
    "shift": [
        231.32080924855492
    ],
    "inv_scale": [
        0.008470526863433006
    ]
}