{
    "columns": [
        "rang_investisseur",
        "client_id",
        "nbre_contrat_investi"
    ],
    "shifts": [
        173.5,
        251.35838150289018,
        1.722543352601156
    ],
    "inv_scales": [
        0.009997417667277525,
        0.00699211180974008,
        1.0594560210756845
    ]
}